2cX,2cT,2cS
2,2.352e-05,2
50,0.00143115,2
100,0.00402646,2
200,0.0136674,2
400,0.0532409,2
800,0.200485,2
