addX,addT,addS
3,2.324e-05,2
15,0.0001832,2
30,0.00051441,2
60,0.00143647,2
120,0.00413545,2
240,0.0148532,2
480,0.0536431,2
960,0.208687,2