palindromeX,palindromeT,palindromeS
1,7.27e-06,2
25,0.00029166,2
50,0.00096307,3
100,0.00259433,3
200,0.00849564,3
400,0.033191,3
800,0.125718,3